round,comm_eff_acc_per_kb,energy_eff_acc_per_mj,anomaly_score,reputation_score,rejection_ratio,secure_comm_efficiency,secure_energy_efficiency,rep_weighted_comm_eff,rep_weighted_energy_eff,defense_adjusted_comm_eff,defense_adjusted_energy_eff
1,0.5,0.6,0.0,0.1034999999999896,0.0,0.49999999999949996,0.5999999999993999,0.0517499999999948,0.06209999999999376,0.5,0.6
2,0.7,0.8,0.1649135704040363,0.1022499999999897,0.1537600466047616,0.6009029491832707,0.6867462276380236,0.07157499999999278,0.08179999999999177,0.5923679673766669,0.6769919627161908
3,0.9,1.0,1.0725385042825262,0.1059999999999894,0.9999999999990676,0.4342500745534418,0.48250008283715756,0.09539999999999045,0.1059999999999894,8.391287664721858e-13,9.323652960802065e-13
