{
  "train_accuracies": [
    0.11625,
    0.16,
    0.16812500000000002,
    0.18250000000000002,
    0.1875
  ],
  "train_losses": [
    0.02140370711684227,
    0.021483336985111234,
    0.0214227531850338,
    0.021384892612695695,
    0.02135399177670479
  ],
  "test_accuracies": [
    0.0,
    0.0,
    0.0,
    0.0,
    0.0
  ],
  "test_losses": [
    0.0,
    0.0,
    0.0,
    0.0,
    0.0
  ],
  "round_times": [
    3.791604518890381,
    4.585218906402588,
    3.967930555343628,
    17.813706636428833,
    3.6642849445343018
  ],
  "client_participation": [
    5,
    5,
    5,
    5,
    5
  ],
  "straggler_counts": [
    0,
    0,
    0,
    0,
    0
  ],
  "attack_success": [
    true,
    true,
    true,
    true,
    true
  ]
}