{
  "train_accuracies": [
    0.46664399999999995,
    0.807578,
    0.79807,
    0.889998,
    0.923786,
    0.938104,
    0.945098,
    0.950638,
    0.9544499999999999,
    0.957416
  ],
  "train_losses": [
    1.48322696895653,
    0.5770471591460071,
    0.6128994370967484,
    0.34350953398303335,
    0.24540971393762087,
    0.19861806008645566,
    0.1751205832574731,
    0.16009365783752944,
    0.14701098775344396,
    0.13797689893781906
  ],
  "test_accuracies": [
    0.5228999999999477,
    0.590399999999941,
    0.6142999999999386,
    0.639199999999936,
    0.6548999999999345,
    0.6623999999999337,
    0.6690999999999331,
    0.6818999999999318,
    0.6860999999999313,
    0.6930999999999307
  ],
  "test_losses": [
    1.33453217964159,
    1.6417212043760565,
    1.109707777595409,
    1.398175030708173,
    1.318602566623556,
    1.208932544898866,
    1.0274825632094309,
    1.1001443597792477,
    1.1416131952284625,
    1.1493313415526194
  ],
  "round_times": [
    979.0815968513489,
    989.9021506309509,
    2001.8208780288696,
    967.2152726650238,
    1033.6369445323944,
    994.5151772499084,
    957.6496074199677,
    971.6778569221497,
    952.447793006897,
    951.1596927642822
  ],
  "client_participation": [
    20,
    20,
    20,
    20,
    20,
    20,
    20,
    20,
    20,
    20
  ],
  "straggler_counts": [
    0,
    0,
    0,
    0,
    0,
    0,
    0,
    0,
    0,
    0
  ],
  "energy_per_round": [
    4705.7890625,
    4705.7890625,
    4705.7890625,
    4705.7890625,
    4705.7890625,
    4705.7890625,
    4705.7890625,
    4705.7890625,
    4705.7890625,
    4705.7890625
  ],
  "comm_kb_per_round": [
    94115.78125,
    94115.78125,
    94115.78125,
    94115.78125,
    94115.78125,
    94115.78125,
    94115.78125,
    94115.78125,
    94115.78125,
    94115.78125
  ],
  "attack_success": [
    false,
    false,
    false,
    false,
    false,
    false,
    false,
    false,
    false,
    false
  ]
}