{
  "train_accuracies": [
    0.11609444444444444,
    0.8615111111111111,
    0.9653611111111111,
    0.9785833333333332,
    0.9846222222222223,
    0.9884722222222222,
    0.9877055555555555,
    0.9890166666666667,
    0.9894444444444445,
    0.9912111111111112,
    0.9911777777777778,
    0.9908777777777777,
    0.99065,
    0.9913500000000001,
    0.9929055555555556,
    0.9923166666666667,
    0.9928111111111111,
    0.9923777777777778,
    0.9925444444444445,
    0.9934388888888889,
    0.9936055555555555,
    0.9936222222222223,
    0.99465,
    0.9951833333333333,
    0.9951388888888889,
    0.9945888888888889,
    0.98805,
    0.9631666666666666,
    0.922988888888889,
    0.8999833333333334,
    0.8780555555555556,
    0.9617611111111111,
    0.9762666666666667,
    0.8454111111111111,
    0.86095,
    0.9041777777777777,
    0.8753666666666666,
    0.9512,
    0.9781444444444444
  ],
  "train_losses": [
    2.2982243078655666,
    0.4872617979394065,
    0.11427303915111245,
    0.07411591913080257,
    0.05383362807041655,
    0.041926706718652146,
    0.04216459070818705,
    0.03887549015836169,
    0.03797378808027392,
    0.031064977049173062,
    0.029734221379474426,
    0.030854227035663404,
    0.0314932708889841,
    0.030520914301294316,
    0.025137718878995574,
    0.02698227117202801,
    0.02597683172389192,
    0.026278808262473384,
    0.02646327003696254,
    0.022994989526705145,
    0.022512264640889287,
    0.021933110565925017,
    0.01850170978830946,
    0.017243012222938708,
    0.017385128963463163,
    0.024591836697447838,
    0.05075171072194482,
    0.14702458995448736,
    0.3078123320993864,
    0.4876450532168047,
    0.6362749570729832,
    0.1569550595600572,
    0.09708636374261438,
    0.5484923566515246,
    0.5789666978288855,
    0.3342256936895247,
    0.5722666356001049,
    0.22612676585976862,
    0.08466429240460403
  ],
  "test_accuracies": [
    0.5071999999999492,
    0.9061999999999093,
    0.968999999999903,
    0.9766999999999023,
    0.9786999999999021,
    0.9810999999999018,
    0.9810999999999018,
    0.9818999999999017,
    0.9829999999999016,
    0.9842999999999015,
    0.9845999999999014,
    0.9840999999999015,
    0.9853999999999015,
    0.9858999999999014,
    0.9861999999999014,
    0.9863999999999014,
    0.9871999999999013,
    0.9869999999999013,
    0.9872999999999013,
    0.9874999999999012,
    0.9877999999999012,
    0.9877999999999012,
    0.9879999999999012,
    0.9880999999999012,
    0.9876999999999012,
    0.9862999999999014,
    0.9839999999999015,
    0.9772999999999022,
    0.938799999999906,
    0.6787999999999321,
    0.9115999999999088,
    0.9760999999999024,
    0.9767999999999023,
    0.13329999999998665,
    0.9574999999999042,
    0.9659999999999034,
    0.9347999999999065,
    0.9644999999999035,
    0.9780999999999022
  ],
  "test_losses": [
    1.9372993608472793,
    0.3139589255094214,
    0.12479692963147743,
    0.09614981704026924,
    0.07502433315505454,
    0.06263804499944045,
    0.05944827391430141,
    0.06544090165490853,
    0.06367956170449651,
    0.050226144035365065,
    0.04871788116900229,
    0.05178647853054054,
    0.057621386134499755,
    0.047475023137004954,
    0.050209000198364884,
    0.04961894904367049,
    0.04641149141456671,
    0.04729439434318701,
    0.0463972975576883,
    0.04499999075691908,
    0.04294063959124221,
    0.04183555372192149,
    0.03815555317944727,
    0.03684615543768955,
    0.06540782778262437,
    0.22686057896611805,
    0.5171199548720796,
    1.0553355590819258,
    2.0174575664518244,
    2.221046847915427,
    1.236761452865477,
    0.41386649494167,
    1.450866820144508,
    2.206288616561669,
    0.7998589935301934,
    1.9569727476118037,
    1.5356350070951832,
    0.374592014431916,
    0.1339125092983112
  ],
  "round_times": [
    151.66408228874207,
    166.48099207878113,
    150.9809854030609,
    166.80996823310852,
    154.67827248573303,
    176.62014937400818,
    154.0333878993988,
    174.02173686027527,
    156.61459398269653,
    172.67449975013733,
    154.4792845249176,
    158.74118661880493,
    163.25361466407776,
    151.72561836242676,
    173.5729854106903,
    156.80912733078003,
    196.968364238739,
    166.86878418922424,
    215.68756675720215,
    170.54613542556763,
    171.77351593971252,
    189.94437170028687,
    165.11718249320984,
    148.54540085792542,
    171.63072681427002,
    166.62214136123657,
    165.85715246200562,
    174.4160726070404,
    192.3059003353119,
    174.57804894447327,
    168.44316625595093,
    180.88746905326843,
    171.09370255470276,
    171.50748467445374,
    177.48474192619324,
    173.16636991500854,
    180.89460015296936,
    171.06329655647278,
    189.32316851615906
  ],
  "client_participation": [
    30,
    30,
    30,
    30,
    30,
    30,
    30,
    30,
    30,
    30,
    30,
    30,
    30,
    30,
    30,
    30,
    30,
    30,
    30,
    30,
    30,
    30,
    30,
    30,
    30,
    30,
    30,
    30,
    30,
    30,
    30,
    30,
    30,
    30,
    30,
    30,
    30,
    30,
    30
  ],
  "straggler_counts": [
    11,
    4,
    7,
    11,
    9,
    6,
    8,
    10,
    11,
    6,
    9,
    12,
    7,
    5,
    8,
    9,
    11,
    11,
    7,
    10,
    17,
    9,
    13,
    5,
    7,
    9,
    9,
    10,
    10,
    6,
    8,
    8,
    11,
    12,
    12,
    5,
    5,
    12,
    11
  ],
  "energy_per_round": [
    260.30859375,
    260.30859375,
    260.30859375,
    260.30859375,
    260.30859375,
    260.30859375,
    260.30859375,
    260.30859375,
    260.30859375,
    260.30859375,
    260.30859375,
    260.30859375,
    260.30859375,
    260.30859375,
    260.30859375,
    260.30859375,
    260.30859375,
    260.30859375,
    260.30859375,
    260.30859375,
    260.30859375,
    260.30859375,
    260.30859375,
    260.30859375,
    260.30859375,
    260.30859375,
    260.30859375,
    260.30859375,
    260.30859375,
    260.30859375,
    260.30859375,
    260.30859375,
    260.30859375,
    260.30859375,
    260.30859375,
    260.30859375,
    260.30859375,
    260.30859375,
    260.30859375
  ],
  "comm_kb_per_round": [
    5206.171875,
    5206.171875,
    5206.171875,
    5206.171875,
    5206.171875,
    5206.171875,
    5206.171875,
    5206.171875,
    5206.171875,
    5206.171875,
    5206.171875,
    5206.171875,
    5206.171875,
    5206.171875,
    5206.171875,
    5206.171875,
    5206.171875,
    5206.171875,
    5206.171875,
    5206.171875,
    5206.171875,
    5206.171875,
    5206.171875,
    5206.171875,
    5206.171875,
    5206.171875,
    5206.171875,
    5206.171875,
    5206.171875,
    5206.171875,
    5206.171875,
    5206.171875,
    5206.171875,
    5206.171875,
    5206.171875,
    5206.171875,
    5206.171875,
    5206.171875,
    5206.171875
  ],
  "attack_success": [
    false,
    false,
    false,
    false,
    false,
    false,
    false,
    false,
    false,
    false,
    false,
    false,
    false,
    false,
    false,
    false,
    false,
    false,
    false,
    false,
    false,
    false,
    false,
    false,
    false,
    false,
    false,
    false,
    false,
    false,
    false,
    false,
    false,
    false,
    false,
    false,
    false,
    false,
    false
  ]
}